A_id,B_id
1001,2293
1007,7117
1007,9805
1016,1227
1016,6374
1016,2602
1016,8955
1019,1300
1019,3745
1019,1294
1037,6099
1043,690
1043,6851
1046,8894
1052,9947
1052,972
1058,412
107,7400
107,6252
107,5057
1073,3634
1079,1129
1079,9997
1085,2820
1085,6284
1085,2761
1085,6613
1085,3512
1085,1591
1085,6676
1085,7145
1097,8202
1109,499
1109,6284
1112,5233
1115,1687
1115,1003
1115,1866
1115,5540
1115,3643
1115,3010
1115,9547
1115,9419
1115,8040
1118,9924
1118,6148
1124,9439
1124,2137
1124,1949
113,375
1130,7156
1130,1878
1130,6120
1130,6141
1130,798
1139,4830
1139,4845
1142,3716
1145,1863
1145,476
1145,4901
1154,7982
1157,5860
1157,375
1157,2726
1163,3073
1166,798
1166,6141
1166,1786
1166,7724
1166,8319
1175,9543
1181,6284
1184,1971
1184,3771
1187,7621
1196,115
1196,2698
1196,2381
1205,9664
1205,7795
1205,3368
1208,109
1208,3712
1208,799
1208,5647
1214,181
122,2698
1229,5736
1229,690
1232,5010
1232,5233
1238,1080
1241,7156
1241,4058
1241,6122
1241,5181
1247,6312
125,4679
1253,304
1259,4830
1259,4756
1259,5745
1259,5146
1259,5742
1259,775
1262,7994
1262,8111
1262,5307
1262,2123
1268,6039
1274,7399
1274,9292
1274,9304
1274,538
1274,2173
1274,5998
1277,3384
1277,9675
1280,6255
1280,1208
1280,1095
1280,5432
1280,2506
1280,2836
1280,6942
1280,7754
1280,8040
1280,8239
1283,8946
1289,6629
1295,5690
1295,3850
1295,987
1301,8529
1301,5488
1307,8396
1307,8833
1307,9664
131,3810
1313,1322
1313,1279
1313,8509
1316,9545
1316,9499
1322,7590
1331,1048
1331,446
1331,9613
1343,2013
1349,4304
1358,8197
1367,8490
1367,9675
1385,8412
1385,1725
1391,9869
1397,276
1400,6481
1400,972
1400,1177
1400,3368
1400,1641
1400,6151
1400,7176
1400,8183
1400,8412
1406,9335
1412,1699
1415,2935
1418,9533
1418,9439
1418,8552
1418,7148
1421,5251
1427,9163
1427,9624
1427,8877
1427,8686
1427,1527
1427,3561
143,2141
143,2376
1430,4785
1430,6141
1430,4972
1430,798
1433,798
1436,6284
1436,2312
1436,5628
1436,1623
1436,6374
1436,9326
1448,5057
1448,5251
1448,3561
1454,6163
1460,929
1460,6161
1466,9624
1466,8383
1466,3576
1469,5047
1469,6563
1469,499
1469,9292
1478,1981
1478,1866
1478,7182
1481,7843
1481,3864
1481,4512
1481,6515
1481,2466
1481,1501
1481,127
1481,6292
1481,5513
1484,9741
1484,9895
1490,8795
1493,6936
1496,2713
1505,7182
1505,3371
1508,2314
1508,198
1508,1120
1508,6658
1508,5829
1508,2118
1511,9546
1511,9420
1511,9418
1511,9547
1511,6563
1511,5141
1517,7147
1517,1930
152,4816
1520,5690
1529,6661
1529,5883
1529,4864
1529,3331
1532,3634
1535,1020
1541,143
1547,2860
1547,927
1547,7994
155,7552
155,2048
1553,4240
1553,5387
1553,3104
1559,3001
1562,1909
1568,3864
1568,5002
1568,4771
1568,798
1568,6141
1568,9292
1568,8012
1571,9807
1571,9292
1571,8428
1571,3542
1571,2366
1571,3180
1571,2365
1571,2367
158,3946
158,5268
158,3321
158,8412
1583,8867
1586,1457
1586,1267
1589,6054
1589,5860
1589,2726
1595,9788
1607,2822
161,6814
161,4012
161,5543
161,1012
161,1978
161,5424
161,3746
161,1498
1613,2686
1613,519
1613,3771
1616,9843
1619,1986
1619,4771
1619,5436
1619,6284
1619,9543
1622,7903
1625,8867
1625,941
1625,346
1628,9242
1628,8686
1634,8503
1634,2123
1634,5486
1637,1109
1637,446
1637,1048
1637,1061
1637,7353
1637,8048
1649,7275
1649,9533
1649,1943
1649,1107
1652,6284
1652,9326
1652,9360
1655,1866
1667,1129
1667,5605
1667,1668
1667,5229
1673,8827
1676,5486
1682,8502
1685,6879
1685,9685
1685,9418
1685,6930
1685,9419
1685,8405
1685,6321
1685,5868
1685,5294
1685,5686
1685,6563
1685,1742
1685,5814
1685,5796
1685,984
1697,8612
1697,7313
1703,1895
1706,4845
1709,5134
1724,387
1727,4240
1730,8265
1730,446
1730,6563
1739,1909
1739,6284
1739,1204
1745,5146
1748,4391
1754,7927
1757,2381
1757,2698
1763,3505
1763,4034
1763,3865
1763,3542
1763,2910
1766,4919
1775,3060
1775,9439
1775,9381
1799,7922
1799,7034
1799,7186
1799,2113
1799,2393
1799,1498
1799,3073
1799,5228
1799,5756
1799,1623
1805,206
1805,4401
1805,1177
1808,320
1820,1107
1820,5787
1820,283
1835,700
1838,618
1838,2708
1841,5251
1844,5498
1847,1107
1847,5116
1847,6613
1850,273
1850,153
1853,26
1853,1895
1853,476
1856,8310
1856,6284
1856,575
1862,4921
1862,3098
1862,7182
1865,7620
1865,6186
1868,4307
1868,1511
1877,6216
1883,8111
1898,5203
1898,4558
1898,5215
1898,6553
1898,2034
1898,2743
1898,9292
1913,1641
1913,1501
1913,2466
1913,5513
1913,6527
1913,9615
1913,8187
1919,4204
1919,2523
1919,6202
1922,2169
1922,7464
1922,7485
1922,7666
1922,8796
1925,7922
1925,2353
1925,773
1928,4973
1928,127
1934,2614
1934,4179
1934,1712
1934,5434
1940,2516
1943,5787
1943,4512
1943,2381
1943,284
1943,7205
1943,7099
1946,4512
1946,93
1946,6605
1946,5787
1946,5736
1946,120
1949,2353
1949,5513
1949,1977
1949,1679
1949,1501
1949,1935
1949,2466
1949,1641
1955,9543
1955,5543
1955,284
1955,1527
1955,273
1955,2602
1955,253
1955,1267
1955,5260
1961,1895
1961,375
1961,3010
1967,1679
1967,6284
197,6820
197,8684
1973,8281
1973,6284
1976,2336
1976,1127
1976,5457
1976,811
1976,1230
1976,9607
1976,6942
1988,4694
1988,2200
1988,2481
1991,6247
1994,2368
20,3865
20,3505
20,3542
20,446
20,6262
20,1048
20,4034
200,8111
2003,3393
2006,1493
2006,6099
2006,386
2006,1630
2006,8514
2012,1108
2012,5305
2015,1527
2015,2566
2015,9675
2015,7552
2027,7885
2027,8785
2027,7645
2027,8701
2027,9914
2027,1498
2027,5543
2027,724
2027,3073
2027,6255
2030,1007
2030,6437
2030,4549
2030,2176
2030,7994
2036,5966
2036,187
2039,1267
2039,1935
2039,575
2039,1243
2039,2280
2042,3106
2042,9999
2051,1623
2051,8342
2054,3909
2054,3905
2057,6412
2063,2141
2066,7168
2069,6637
2069,4972
2069,1790
2069,3349
2069,5377
2069,1977
2075,6097
2075,1773
2075,4404
2075,6708
2075,8498
2078,1107
2081,1527
2081,5260
2081,3180
2084,1712
2084,2614
2084,5434
2090,8914
2090,7336
2090,2035
2090,1127
2090,1230
2090,2783
2090,987
2090,424
2090,6068
2096,9091
2099,1511
2099,2574
2102,3026
2102,4439
2102,6548
2102,1606
2102,1969
2102,1670
2114,5295
2114,2225
2114,4652
2114,1061
2114,3125
2114,6068
2114,1109
2114,4295
2114,1377
2114,6246
2114,6478
2114,4458
2114,9607
2114,7343
2114,8955
2114,9728
212,7182
212,1007
212,2888
212,2652
2123,9543
2123,7487
2123,5305
2123,1108
2123,6489
2135,2434
2135,6267
2141,8111
2141,9304
2141,9292
2141,5690
2141,2173
2141,375
2144,9704
2144,665
2144,5223
2144,3682
2144,6551
215,7168
215,9509
215,1363
2153,1821
2159,8524
2159,8079
2162,406
2162,446
2174,7614
2177,6351
2177,8308
218,9381
218,8412
218,8745
218,1751
218,3771
218,5268
218,3434
218,2760
218,3914
218,2152
218,1977
2180,2479
2180,3643
2180,2243
2180,5520
2180,609
2180,6467
2180,4404
2180,6437
2180,4512
2180,5347
2180,2466
2180,9752
2180,7213
2180,7295
2183,273
2183,9824
2195,9166
2195,7915
2195,6237
2195,120
2201,4391
2201,1574
2201,7109
2210,2381
2210,2698
2210,2464
2216,881
2216,8176
2216,7129
2219,4391
2219,2141
2219,1503
2237,7994
2237,4549
224,6879
2240,3914
2240,5232
2240,1951
2243,2761
2243,3017
2246,9741
2252,7676
2252,231
2267,5797
227,2652
227,1675
227,2910
227,1457
2270,4123
2291,9580
2291,1204
2297,3576
2297,4391
2300,462
2300,1776
2300,6039
2309,8799
2318,6998
2324,842
2324,7027
2330,7617
2330,8887
2330,7096
2330,5108
2330,5942
2330,5716
2339,2057
2339,2516
2339,884
2342,8447
2342,1977
2342,6141
2342,677
2342,2353
2342,4785
2351,1364
2351,7665
2354,406
2354,5036
2357,1027
2357,1986
2357,5347
2357,5434
2357,9816
236,3805
2363,6333
2366,9615
2366,8745
2366,3914
2372,1313
2375,1908
2375,519
2378,9326
2378,8428
2384,8750
2384,9641
2384,9082
2384,7145
2387,6457
2387,4069
2387,388
2387,6458
2387,2486
2387,1677
2387,1848
2387,4686
2387,5689
239,9613
2390,1
2399,1146
2402,6955
2402,1574
2402,5111
2405,1591
2405,5233
2405,1775
2405,5802
2405,6466
2408,4242
2408,4458
2411,7582
2411,1878
2411,4348
2411,789
2411,2144
2411,5487
2411,5486
2414,5829
245,1892
245,6375
245,5146
245,1727
245,3717
245,1127
245,1977
245,1864
245,7182
2450,6039
2450,2698
2450,2464
2450,2381
2459,6153
2459,1050
2462,1348
2462,7995
2471,4271
2471,3875
2474,3489
2483,5014
2483,774
2483,476
2483,320
2486,2141
2486,2468
2486,6726
2498,8569
2498,1078
2507,8827
2510,6668
2513,1554
2516,5205
2519,5205
2525,1146
2531,5769
2531,5686
2531,3061
2531,3067
2534,574
2534,7196
2534,9707
2540,2840
2540,119
2540,3990
2540,2537
2540,6655
2543,8668
2543,9571
2546,4509
2549,9148
2549,6726
2549,7517
2549,5857
2549,2735
2549,4458
2549,1377
2549,724
2552,4206
2552,9439
2555,1986
2555,987
2561,6559
2561,6473
2561,1552
2561,5244
2561,1053
2561,1127
2561,5620
257,897
257,3304
257,338
257,3115
257,3736
2570,8124
2570,9354
2576,1095
2576,8475
2579,9120
2579,8073
2597,9022
2597,4889
26,1393
26,5939
26,388
2603,9441
2603,8599
2603,2858
2609,152
2609,6375
2609,120
2609,1953
2609,3528
2609,9304
2609,7915
2612,7026
2615,2484
2615,5205
2621,7213
2621,7337
2621,8040
2621,8541
2621,3643
2621,5434
2621,284
2621,6141
263,3885
2630,8040
2630,5443
2630,1061
2630,48
2630,1003
2639,9723
2639,8617
2639,9164
2645,7476
2651,5829
2651,2947
2651,2951
2651,5002
2651,5746
2651,8419
2657,8195
2657,3934
2666,7827
2669,8224
2675,9326
269,7182
2699,6141
2702,5347
2702,379
2705,5710
2708,5998
2708,9439
2711,811
2711,2176
2714,7335
2714,4644
2714,5745
272,1908
272,255
2723,8946
2726,8479
2735,2397
2735,4629
2735,4771
2735,7660
2735,9211
2735,6749
2735,7780
2735,9304
2735,9625
2735,7962
2735,9209
2735,7286
2738,9008
2738,9326
2738,9360
2741,9439
2741,1971
2741,5999
2747,856
2747,6099
2747,927
275,8412
2753,3643
2753,1854
2753,692
2753,9419
2753,9306
2756,8575
2756,8554
2756,2998
2756,5665
2759,3914
2759,3877
2759,5329
2759,1527
2759,3630
2759,8187
2759,8541
2762,9335
2768,5434
2768,9816
2774,5016
2774,3370
2774,4308
2774,4588
2774,9914
2786,4830
2786,344
2786,1227
2786,8183
2792,3929
2792,856
2795,9093
2795,8740
2795,8000
2795,9543
2795,8320
2795,8678
2795,7858
2795,7994
2795,9963
2795,8946
2795,5665
2795,5679
2795,471
2795,3434
2795,1474
2795,6167
2795,2336
2795,2951
2798,2481
2801,5998
2801,538
2801,9304
2801,7645
281,1206
2810,5717
2810,6234
2810,9525
2810,7145
2813,1740
2813,9741
2816,7971
2816,9802
2819,5443
2819,1479
2819,1061
2819,1109
2819,1486
2819,48
2819,1003
2819,3010
2819,4242
2819,8040
2819,8111
2822,5540
2822,2761
2822,5244
2822,3370
2822,7145
2825,8972
2828,3808
2828,6697
2831,8332
2834,2194
2834,2598
2837,8509
2837,9129
2846,9211
2846,8552
2846,927
2846,2667
2846,2124
2846,2035
2846,3271
2846,2169
2849,4429
2849,2573
2855,1908
2870,1914
2882,8419
2882,8481
2882,1765
2882,6092
2885,9807
2885,7597
2885,3582
2885,2113
2891,2662
2903,5742
2903,2598
2903,1657
2903,3190
2903,2274
2903,7590
2903,7795
2903,6942
2903,9209
2903,7858
2909,4618
2912,8861
2915,4461
2915,4790
293,6563
293,8059
293,8827
2930,9295
2936,8808
2939,5434
2939,1527
2945,7902
2945,2057
2948,9091
2951,7055
2954,7487
2954,7666
2954,709
2954,1027
2957,2718
2963,519
2966,1325
2966,4440
2969,7365
2972,811
2972,2947
2972,8566
2972,6942
2972,7239
2972,8732
2978,7948
2978,8538
2978,7768
2978,9642
2978,8477
2978,8090
2978,3571
2978,610
2978,6505
2978,3991
2978,6571
2978,1347
2978,649
2978,4012
2978,2548
2978,366
2978,5665
2978,2321
2978,3699
2978,1481
2978,1601
2978,5802
2978,5136
2978,6375
2978,5526
2993,1322
2999,1906
3002,491
3002,1230
3002,7804
3005,1322
3008,7487
3008,8111
3014,9675
3014,7754
3014,3864
3020,1866
3020,3103
3020,9543
3020,8863
3020,8090
3020,7487
3020,7666
3026,5597
3029,1822
3029,31
3032,8630
3038,8184
3041,690
3041,1981
3041,6269
3041,575
3041,242
3044,3498
3047,3312
3047,1813
3047,2466
3047,3313
3047,9681
305,1563
3050,8666
3068,1775
308,1529
3083,6211
3089,9211
3089,7484
3089,7532
3089,8026
3089,284
3092,1178
3092,6472
3092,1377
3092,6416
3092,6631
3092,1675
3092,2038
3092,8447
3092,7405
3095,9304
3095,7869
3101,8775
3101,3946
3104,2888
3104,8735
3104,8026
3107,437
3107,2726
3107,5860
3107,2657
3107,5383
3110,8412
3110,3946
3116,6160
3122,3877
3122,6246
3122,3125
3122,2807
3122,5376
3122,1527
3122,8560
3122,8616
3131,3771
3131,3436
3131,8401
3131,8445
3137,4521
3137,5347
3137,9752
314,4012
3146,5002
3146,3582
3146,1895
3155,7103
3155,9093
3155,8764
3158,8803
3179,7626
3179,8285
3182,2652
3185,1610
3191,5651
3191,1755
3191,2141
3197,6055
3197,9737
32,2280
32,446
3200,8827
3206,6252
3206,8509
3212,8653
3218,2904
3218,4728
3218,7885
3218,7645
3218,9723
3218,9422
3218,8183
3221,9881
3227,2019
3227,1725
3227,2274
3227,3809
3227,7579
3227,7795
3227,8864
323,1803
3233,3905
3233,7922
3233,8571
3236,2393
3239,2345
326,452
3260,7002
3272,8349
3272,4972
3275,609
3284,7935
3284,8496
3284,7649
3284,3993
3287,9008
3290,4040
3290,9807
3299,1866
3299,6099
3302,8187
3302,5329
3302,1687
3302,1951
3305,3914
3305,9242
3305,8745
3308,8077
3311,9209
3311,1657
332,9364
332,2204
3329,6556
3329,9096
3329,8383
3332,7147
3338,8534
3338,1227
3338,6099
3347,8483
335,9667
335,6527
3353,6674
3359,9439
3368,9532
3371,9304
3377,7754
3377,6814
3377,7804
3377,9008
3377,1951
3377,2404
3377,5746
3377,5190
3386,3060
3386,9381
3392,709
3392,1027
3392,7487
3392,7666
3401,3914
3401,8745
3404,4771
3404,3258
3404,4921
3404,4967
3404,2467
3404,886
3404,373
3404,8851
3404,7754
3404,6861
3404,8060
3404,7878
341,1217
341,6125
3413,6467
3413,5347
3413,2439
3416,7795
3419,5347
3425,8634
3425,8349
3425,9008
3431,5922
3431,1027
3434,4355
3437,5879
3437,2947
3437,5002
3437,2667
3437,3271
3437,2467
3437,2124
3437,7902
3437,9704
3437,7218
344,1574
3440,8008
3446,4310
3449,2667
3449,2467
3449,5029
3449,977
3449,1899
3449,8401
3449,9704
3449,8861
3449,7641
3449,9211
3449,7902
347,8184
347,1109
347,1061
3470,7610
3473,9022
3473,8735
3473,7411
3473,7827
3473,856
3473,1227
3473,2657
3473,611
3473,4982
3473,6097
3482,4706
3482,3498
3482,713
3482,3271
3485,3204
3485,3104
3488,2667
3488,2057
3491,9711
3494,273
3497,1582
3497,1920
3497,4771
3497,1658
3497,5040
3497,2574
3497,6330
3497,5543
3497,3309
3497,257
3497,7915
3497,9642
3497,7950
3497,8316
3497,8465
3497,8248
3497,9444
3497,9245
3497,8766
3497,9477
35,1971
35,242
35,8630
35,8509
350,959
3500,5321
3500,7827
3500,6742
3503,504
3506,4845
3506,273
3506,2381
3506,8730
3518,9053
3521,9091
3521,9937
3524,6559
3524,6584
353,6141
353,4785
353,6262
3530,7935
3533,9364
3533,9295
3536,5465
3536,5874
3536,704
3539,3090
3539,3476
3539,3900
3545,5662
359,1640
359,5746
359,8750
359,7137
362,2418
371,6879
371,8412
371,2718
371,3308
371,2719
371,762
371,5268
386,1909
401,446
407,115
407,2381
413,2874
422,3434
422,9292
425,8745
425,1552
425,4830
425,3914
425,6473
425,5620
431,8003
44,3467
44,1474
461,8867
461,7246
464,9095
464,5229
467,2840
47,9845
470,8111
473,8111
473,927
476,681
482,1107
482,499
491,455
491,6686
503,2697
503,2977
503,2461
509,1457
509,1267
521,6303
527,92
533,3914
533,2123
533,5307
533,8111
533,8492
533,8745
536,7871
536,8894
536,9190
536,4251
536,3467
536,1082
536,5689
536,5524
536,874
542,8701
548,187
548,3645
560,3771
563,1866
563,5742
563,3436
566,2194
566,3031
566,8881
569,728
578,1108
578,9543
593,446
602,6125
611,6260
614,4845
614,7125
62,1449
620,1930
623,1687
623,1951
623,9213
629,5690
629,2336
629,1230
632,6260
632,9624
632,8686
635,774
635,775
635,3810
635,2492
635,1909
644,2416
644,9091
653,1892
653,2686
653,682
653,1817
653,4131
653,2393
653,5647
653,1725
653,843
653,977
653,2237
653,1969
653,1336
653,3771
653,2467
653,4471
653,3371
653,5939
653,329
653,1977
653,7902
653,7216
653,9834
653,9654
653,7007
659,618
659,5432
659,4019
659,5434
659,2646
659,3150
659,1527
659,2038
659,3571
659,1512
659,499
659,5543
659,6149
659,31
659,6255
659,3252
659,273
659,2210
659,5311
659,4771
659,5259
659,4111
659,5260
659,6530
659,9624
659,7487
659,7188
659,8538
659,9163
659,7517
659,9823
659,8383
659,6870
659,7137
659,9378
659,6933
659,8902
659,9685
659,9659
659,8874
677,6563
680,2652
683,9846
686,6856
686,3896
686,988
686,5497
698,7147
698,1146
701,499
701,519
701,9335
701,8955
707,1503
710,1527
725,7068
731,1534
734,5572
734,736
734,8733
734,9437
740,3073
743,5268
743,3634
743,5597
743,3765
743,1355
746,9292
746,6141
749,4641
749,5473
749,1462
749,9598
749,8791
755,6099
755,1366
755,1866
755,7182
764,1712
764,6260
767,3803
779,2404
779,6478
779,2711
779,9364
779,8059
791,8704
791,6858
791,9807
791,8412
791,6460
791,3946
791,3582
797,5690
797,6099
797,4991
8,298
8,3654
8,1803
8,3022
8,186
8,446
8,7824
8,9456
80,7313
80,2048
80,1977
800,7046
800,8265
800,8131
800,9360
800,8811
800,8535
800,9918
800,7167
800,6930
800,7118
800,8486
800,8349
800,9748
800,837
800,3530
800,2867
800,5135
800,3294
800,5116
800,1090
800,5090
800,5084
800,6631
800,3026
800,2035
800,1775
800,4794
800,375
800,5659
800,1635
800,1081
800,1714
800,2797
800,1920
800,5296
800,3928
800,5582
800,5584
800,3759
800,1733
800,6556
800,3429
800,6132
800,3734
806,5488
806,915
806,8494
809,7896
809,7332
809,8986
809,6481
809,6307
809,1051
815,1204
818,2342
818,3946
818,7003
821,9496
821,9543
821,7091
821,8858
821,8795
821,5331
824,7392
824,8241
824,2711
824,3287
824,1617
827,6808
833,8285
833,4012
836,3645
842,5955
845,9887
848,320
851,8404
851,8284
851,9053
851,1348
851,3331
857,774
857,1909
863,8827
863,8902
863,9465
863,2053
869,2710
872,7620
878,9835
878,5440
878,221
884,3301
884,1366
884,5292
884,5756
884,3073
884,2113
884,5297
884,1751
884,273
884,7240
884,7754
89,320
89,1771
893,8401
893,7795
893,7399
893,8111
893,8199
893,9615
893,2910
893,4156
893,927
899,1108
899,9543
905,2084
911,7145
914,9166
914,7915
914,2280
914,120
917,9669
920,3517
920,2951
920,6178
920,6143
920,8652
920,7855
920,6770
920,7734
926,9860
929,2334
938,8265
938,9296
941,5998
941,2783
947,2408
959,5543
959,1591
962,1146
977,8881
977,4512
98,1930
98,7147
983,1243
983,6235
983,375
983,1587
983,7137
998,9091
0,7182
0,1977
0,1687
0,3850
0,1866
1002,6911
1002,6933
1008,1977
1008,8401
1014,2381
1014,2698
1014,5999
1017,5814
1017,1742
1017,6563
1017,6930
1017,9418
1017,9419
1017,7382
1020,2484
1029,4597
1032,6210
1032,3488
1047,8552
1068,9292
1068,3434
1068,6262
1074,7103
1074,6907
1074,9827
1074,8789
1074,2491
1074,6097
1074,1657
1074,1214
1074,6180
1077,9685
1077,9419
108,9894
108,3906
1080,5295
1089,6563
1089,375
1092,48
1107,5662
1116,3914
1116,9615
1116,8063
1116,8560
1116,8745
1119,9344
1119,7294
1119,8575
1134,3645
1137,9852
1140,9624
1143,5284
1149,5505
1152,9938
1155,5057
1155,6252
1167,8664
1167,5233
1173,7623
1179,4024
1179,5999
1197,150
1203,9364
1209,2466
1209,127
1209,4512
1209,1501
1209,1679
1209,5513
1209,1641
1221,2141
1221,6545
1224,1866
1224,3436
1224,2652
1224,8365
1233,3488
1233,6855
1233,8195
1239,694
1239,4024
1242,5887
1248,8202
1251,7006
1251,8401
1251,6068
1251,1755
1251,1511
1251,2416
1254,5044
1254,1755
1254,7995
1254,7006
1257,1728
1257,5876
1257,6874
1257,7294
1260,2652
1263,2646
1263,5233
1263,1646
1263,4131
1263,4542
1263,1714
1269,3021
1278,6039
1278,6099
1278,8111
1284,3384
1284,8775
129,9419
129,9209
129,2169
1293,519
1305,5002
1308,7034
1308,9381
1308,6466
1308,1727
1308,5233
1308,1591
1308,3884
1308,5756
1308,5377
1308,1864
1308,4972
1308,3717
1314,7795
1332,388
1332,3617
1335,519
1341,2124
1341,6598
1341,5014
1341,320
1341,2516
1341,694
1341,7218
1344,8955
1344,1027
1344,1108
1344,1986
1347,3645
135,5268
135,7487
1350,8496
1350,9335
1350,8630
1350,5710
1350,1775
1350,519
1353,798
1353,3914
1353,6141
1353,7645
1353,8745
1353,7754
1353,9292
1356,9022
1359,842
1371,3922
1371,694
1371,3275
1377,5171
1377,6971
138,9190
1380,2553
1383,1691
1383,5852
1383,975
1383,9022
1383,9456
1395,6530
1395,9687
1401,3636
1407,5002
1407,1895
1407,9022
1410,5251
1410,115
1410,4717
1410,3561
1413,5998
1419,8853
1431,9292
1434,6086
1440,8401
1452,8105
1452,9945
1452,4391
1455,9938
1455,9986
1461,9986
1461,3364
1464,988
1464,7900
1464,8864
147,3645
1473,2184
1476,8498
1476,6097
1476,375
1482,9381
1482,9439
1485,7538
1491,5062
1491,519
1494,3946
1494,6731
150,2652
1500,255
1500,775
1500,972
1500,2141
1500,7348
1500,9485
1500,8356
1503,8059
1506,3623
1506,50
1515,7145
1518,6808
1524,8003
1524,8306
1524,6718
1524,1926
1524,1106
153,9079
1530,811
1530,1971
1530,6942
1530,8412
1533,8745
1533,3914
1545,9364
1554,9166
156,2381
156,3187
156,3929
1560,4989
1569,6526
1569,2124
1572,6808
1572,1909
1572,5014
1572,1107
1575,6363
1581,1728
1584,4414
159,6437
1596,3929
1596,6099
1596,6740
1599,5402
1599,5271
1614,8401
1617,120
162,1018
1626,1971
1626,4932
1626,5388
1626,7145
1629,1322
1632,5952
1632,6569
1635,7892
1638,6946
1641,9805
1641,2439
1641,3909
1644,2336
1644,1230
1644,9292
1644,8827
1644,8059
165,8271
165,6324
165,3587
165,704
1656,5271
1656,143
1671,5205
1671,8636
1671,8955
1674,9624
1674,9163
1677,8504
1701,5047
1701,7868
1707,7055
1707,8307
1707,6395
1707,1891
1710,4993
1710,373
1710,1028
1710,3022
1710,5823
1710,9570
1716,8346
1719,8481
1719,7238
1719,5829
1719,6563
1719,5225
1728,1088
1728,3326
1728,6295
174,5432
174,3184
174,1679
174,5543
174,5684
174,31
174,255
174,2243
174,2169
174,1725
174,6284
174,1986
174,2048
174,2783
174,4771
174,2397
174,1591
174,8785
174,9543
174,8571
174,7348
174,9752
174,9209
174,9675
174,9211
1740,7915
1740,1227
1740,3478
1740,2152
1740,690
1743,2947
1743,575
1743,5746
1743,26
1743,4875
1743,242
1743,1740
1743,1371
1743,8679
1743,6744
1749,700
1752,5090
1752,4512
1752,9552
1755,8111
1755,2123
1755,2019
1755,1725
1755,5307
177,1107
177,6289
1770,3645
1782,5251
1785,8503
1794,4391
1794,1107
1797,1529
1797,6352
1797,1006
1797,3914
1797,4107
1797,7658
1797,8745
180,6216
1800,301
1800,4179
1800,5260
1800,1687
1803,6722
1812,188
1818,7145
1818,2614
1818,1712
1818,6260
1821,2888
1824,8827
1827,130
1827,1751
1833,2141
1833,6194
1836,666
1836,4081
1839,1751
1839,8349
1842,7188
1842,4112
1845,3576
1845,2481
1845,2790
1848,1082
1848,8679
1854,2935
1854,732
1854,5024
1857,2888
1857,6141
186,3693
1860,4242
1860,1657
1869,620
1872,704
1875,2718
1875,6242
1887,4845
1887,4830
1890,1740
1893,736
1899,6141
1899,1119
1899,5823
1899,4126
1899,7156
1899,7144
1905,6281
1908,3073
1911,1486
1911,8111
1914,6971
1914,6976
1917,234
1929,499
1935,1863
1938,4295
1938,8111
1944,8793
1944,9615
1944,2169
1944,4585
1944,2057
1944,927
1944,2667
1950,8646
1950,1895
1950,5002
1953,9225
1962,6141
1962,1527
1962,2169
1962,2048
1962,927
1962,9209
1962,6893
1968,6284
1980,9163
1983,9615
1983,7197
1983,8745
1983,7006
1983,8560
1983,7161
1983,2176
1983,1127
1983,1227
1983,6473
1983,927
1983,611
1983,3914
1983,1552
1983,5620
1986,9439
1989,3914
1989,8183
1989,9091
2004,4875
2004,442
2007,4273
2016,9326
2019,929
2022,6288
2025,6563
2025,4307
2025,2467
2025,4996
2031,1981
2034,512
2034,6487
2034,6893
2034,7161
2037,1020
2046,1428
2046,3167
2052,3745
2058,9805
2061,1109
2061,1061
2061,1479
2061,8955
2067,7274
2067,1322
2067,1279
2079,476
2082,1977
2082,1951
2082,5487
2082,7240
2085,2657
2088,6146
2088,6162
2088,2368
2088,6260
2088,5260
2091,4524
2091,5824
210,5387
210,1453
210,9775
2100,7852
2100,8607
2100,4168
2100,282
2106,2169
2106,5597
2112,4423
2118,4242
2118,2021
2118,4458
2130,5228
2130,267
2130,3120
2130,276
2130,2404
2139,4589
2139,774
2139,320
2139,4206
2145,1178
2145,5745
2145,9001
216,4845
216,5646
216,4830
216,7109
2160,3196
2160,1862
2160,5465
2163,115
2172,3190
2172,5044
2178,7671
2178,8571
2178,9659
2178,7324
2178,6237
2178,5587
2178,1899
2178,4991
2181,4771
2181,7487
2181,8571
2181,6707
2181,7754
2184,2894
2184,6518
2184,6230
2184,1026
2187,9925
2187,7218
2187,6879
2187,775
2187,2535
2187,4112
2187,693
2187,1635
219,1675
219,9624
2190,9499
2193,7590
2196,6841
2205,1082
2208,7088
2217,7675
2220,2252
2226,4771
2226,7645
2229,7009
2235,9704
2235,927
2235,1003
2235,4996
2235,1892
2235,5443
2235,4585
2235,2467
2235,2057
2235,2667
2235,2169
2241,775
2241,2481
2241,424
2241,6577
2241,614
2241,5329
2241,3914
2241,9615
2241,8745
2241,8560
2241,8187
2244,1932
2244,1146
2259,2194
2265,7108
2268,1574
2274,9454
2274,2659
2277,2366
2277,2367
2286,2381
2286,6493
2286,1776
2286,2464
2286,8450
2292,4458
2292,2484
2304,1977
2304,4303
2307,8236
231,3628
231,2931
231,4596
231,2539
231,892
2310,9664
2310,6598
2319,9711
2319,2970
2319,2364
2322,1895
2322,5002
2328,5874
2328,592
2331,1657
2337,9167
2337,4771
2340,1863
2340,2823
2340,4817
2340,1230
2340,6068
2340,5014
2340,6598
2340,1566
2340,3009
2340,4901
2340,4923
2340,4158
2340,5251
2340,2634
2340,1127
2340,2997
2340,320
2340,5723
2340,4781
2340,9499
2346,6073
2346,6477
2349,1109
2349,4242
2349,1061
2349,7627
2358,7207
2358,9819
2358,1061
2358,4242
2358,1109
2358,4359
2358,1498
2358,4391
2358,4980
2364,1116
2364,5856
2370,6559
2373,5260
2373,3103
2373,2342
2373,5520
2376,4972
2376,1892
2376,538
2376,485
2376,5690
2376,878
2376,1951
2376,6136
2376,1866
2376,2467
2376,6559
2376,811
2376,2173
2376,1364
2376,5879
2376,6530
2376,1899
2376,2667
2376,8090
2376,6699
2376,6942
2376,7348
2382,6457
2385,1740
2385,3522
2388,9419
2388,7645
2388,8365
2388,7885
2388,1032
2388,3043
2388,2481
2388,344
2394,6269
2394,242
2394,1371
2397,9292
2397,8111
2397,446
2397,375
2397,1486
24,6119
240,6799
2403,1866
2403,4304
2403,6563
2412,6808
2427,2146
243,1018
2430,4229
2433,8664
2445,4813
2451,3488
2457,4549
2457,1955
2457,2642
2457,1657
246,8111
246,5307
246,2123
2466,5241
2466,2418
2469,4694
2469,6039
2481,7447
2481,705
2484,3934
2484,6194
2484,2790
249,4391
2493,4937
2502,8332
2514,4397
2514,1082
2514,2381
2514,2464
2514,9893
2517,5057
2523,5084
2535,121
2553,1899
2553,4991
2553,6099
2553,6237
2553,8571
2553,7641
2553,9211
2553,8764
2553,9335
2562,8617
2568,8827
2571,3865
2577,3424
2577,4771
2580,1486
2580,8111
2586,6284
2586,9669
2586,9505
2589,8735
2592,6808
2595,2481
2595,9418
2595,9184
2595,7480
2601,5770
2607,1675
2607,2910
2610,8003
2610,8306
2613,8617
2619,1970
2619,2141
2622,1267
2637,9292
2643,5993
2646,9807
2646,7597
2670,8111
2670,3946
2673,4771
2673,7885
2673,7487
2676,8745
2676,273
2676,3914
2682,8511
2685,9304
2685,6141
2685,538
2688,9304
2688,7399
2691,3103
2691,1687
2691,1527
2691,5260
2691,1790
2691,1107
2691,6255
2694,9419
270,4391
2700,9419
2700,8401
2700,1267
2709,1076
2712,1051
2712,3877
2712,5653
2724,5002
2724,2275
2727,4789
2733,6099
2742,519
2751,7878
2754,4604
2760,9419
2763,1529
2769,5062
2772,6708
2778,6063
2781,8579
2781,9304
2781,8111
2781,7399
2781,9918
2787,9547
2787,9546
2793,703
2796,4549
2796,2652
2796,9209
2802,499
2802,6942
2805,9211
2805,9918
2805,3184
2805,120
2805,927
2808,387
2808,6147
2808,8387
2808,7028
2808,8319
2808,9190
2808,7871
2811,406
2811,446
2811,2169
2811,499
2811,7666
2811,9543
2814,3877
2817,1227
2817,6942
2817,7524
2823,9295
2823,8183
2823,4830
2832,7115
2841,6735
285,6260
285,7279
2850,8349
2850,8486
2853,4771
2853,2035
2853,4937
2853,2169
2853,884
2853,5996
2853,2667
2853,5886
2853,2057
2853,8090
2853,9211
2874,2381
2874,2698
2874,5738
2877,1230
288,2270
2883,5703
2886,5160
2898,6574
2898,8010
2898,8524
2907,1512
2907,9575
291,1534
291,5653
2910,6100
2916,9634
2934,6851
2934,8170
2934,1971
2937,1672
2937,7984
2943,6039
2946,2519
2946,7358
2946,8026
2946,9022
2946,8914
2955,6395
2955,1891
2955,3658
2958,8052
2958,5139
297,6559
297,2294
297,7161
2970,5062
2982,1727
2982,3717
2982,3877
2982,2141
2982,9381
2982,9667
2985,429
2988,2184
2988,9859
2994,8861
3003,2048
3003,8955
3003,9824
3003,7487
3006,5198
3006,9504
3006,7182
3012,1107
3012,7482
3015,3010
3021,3771
3021,2516
3021,4734
3021,5054
3021,7830
3021,8060
3024,2698
3024,93
3024,2381
3024,8112
3024,8552
3033,3771
3039,8371
3045,2935
3054,692
306,1123
306,95
3060,9704
3060,8401
3063,4401
3066,8611
3069,5517
3072,8401
3072,4338
3075,3371
3075,273
3084,9364
3087,3073
3087,6099
3087,9381
3093,9545
3096,9419
3096,9420
3096,9547
3096,8040
3096,9546
3096,9418
3096,3010
3096,301
3099,5251
3102,5605
3102,5179
3102,5083
3102,1668
3108,8735
3111,5775
3111,8365
3114,3865
3114,8401
3114,9917
3117,7641
312,8531
3123,1082
3126,3536
3126,8401
3129,4515
3129,4514
3141,1503
3144,8946
315,5268
315,8861
315,9675
315,8412
3153,2535
3156,1893
3156,8636
3159,4515
3159,4514
3165,4161
3168,1020
3168,4337
3174,9381
3174,3877
3183,3212
3183,8383
3192,6192
3204,6337
3204,947
3204,8210
3207,5857
3207,625
3207,9304
3207,8560
3207,7915
3207,9166
3213,3771
3219,2464
3219,6039
3225,9304
3243,9851
3243,9852
3243,7722
3246,7321
3246,3370
3246,6040
3249,694
3249,5146
3249,7295
3249,9364
3252,9477
3252,8401
3252,7795
3252,273
3252,2970
3252,2274
3255,9532
3258,2439
3258,8281
3261,8552
3261,1574
3261,1590
3270,331
3270,6136
3276,1687
3276,1951
3276,8801
3279,8885
3282,3611
3285,5520
3285,2562
3285,5332
3285,106
3285,3007
3285,5513
3285,2601
3285,3010
3285,284
3285,2404
3285,4173
3285,1701
3285,4706
3285,4973
3285,2591
3285,7666
3285,9092
3285,7676
3285,8111
3285,7484
3285,8743
3285,8795
3285,7091
3285,9543
3285,8527
3285,7641
3285,7137
3285,7986
3288,6616
3297,8111
3297,8391
3297,9568
3297,8795
3297,7487
330,775
330,988
330,1541
330,1921
330,3914
330,8959
330,8745
330,7464
330,9543
330,7858
330,8187
3306,2698
3306,2381
3312,3608
3315,811
3315,8569
3321,8861
3324,8272
3327,8320
3327,5860
3327,6143
3327,5769
3327,2726
333,3863
333,9675
3339,2652
3339,1457
3339,8111
3342,7754
3342,8428
3342,9292
3345,1725
3345,2019
3345,2961
3345,8111
3348,1267
3348,7885
3351,9225
336,4973
336,2609
336,7362
3360,7274
3360,1322
3360,1279
3363,574
3366,9166
3366,8693
3366,7915
3366,8861
3366,120
3369,5751
3369,9093
3375,8735
3375,9816
3375,9166
3375,8955
3375,8265
3375,7915
3375,6097
3375,5513
3375,6605
3375,6625
3384,5363
3387,3914
3387,5520
3387,8616
3387,9508
3387,9615
3387,7676
3387,8745
3396,3864
3396,4771
3396,7754
3399,3535
3399,2353
3399,9614
3420,7197
3426,988
3426,798
3426,6374
3426,2642
3426,2484
3426,5897
3426,2169
3426,3434
3426,6141
3426,2755
3426,1657
3426,3103
3426,7464
3426,9209
3426,7666
3426,7858
3426,9017
3426,9543
3429,8003
3429,8306
3438,8003
3441,4420
3444,3236
3444,9601
3453,9645
3462,7645
3462,7885
3468,7655
3471,1051
3474,2601
3474,8955
3474,9816
3492,8745
3495,8033
3498,9477
3501,2034
3501,6289
3504,5987
3507,2667
351,8210
3510,7134
3510,7145
3510,2761
3513,9068
3519,1943
3519,2530
3519,5665
3519,8199
3522,5993
3525,1854
3525,6151
3525,972
3525,8332
3525,9306
3525,8090
3528,0
3528,1740
3528,5019
3531,8509
3531,1909
3537,8223
3537,3420
354,1364
354,9412
3543,9292
3543,9543
3546,9543
36,5251
36,1632
36,4660
36,8615
36,8944
360,3771
363,277
363,927
363,9995
363,9299
363,7863
387,5662
393,6508
393,4660
393,9309
396,3745
405,7840
405,2381
405,1306
405,1053
405,1925
405,2368
405,1107
405,1977
408,8861
411,7269
411,5440
411,2345
414,1107
423,2021
441,181
441,6064
447,8827
447,4771
447,5432
453,1178
453,3556
453,7350
453,8161
462,320
474,4845
474,5014
474,1574
474,4830
474,5646
474,1909
477,1106
477,8003
477,8306
48,7972
483,3803
486,5577
489,4987
489,9832
489,8467
489,6825
498,336
498,5298
510,811
513,9628
516,2391
534,8745
534,3914
543,7212
549,6284
552,3073
552,5756
552,1267
552,2113
552,9568
558,1224
561,2912
564,9615
564,5736
567,3914
567,8745
567,9615
567,7795
567,8401
573,5939
573,891
573,5577
573,5541
597,9439
597,868
606,6034
606,3436
606,6312
615,5134
615,4016
615,1498
615,5543
615,8048
621,6466
621,5090
621,5236
621,1776
621,9679
621,8664
630,1267
633,7099
633,4770
633,1321
636,2391
642,5156
645,1267
645,9381
648,8946
654,892
654,32
654,4060
654,7724
654,8208
657,8991
66,2408
660,3505
660,811
660,5347
663,3914
663,1527
663,5578
663,7645
663,8745
663,7885
663,7188
669,8569
669,4034
675,3630
678,3946
678,3582
678,8704
678,9767
678,6731
678,6858
681,7156
681,3699
69,1743
69,3587
693,2141
705,8383
708,8439
711,6833
714,7994
723,5966
726,735
726,5004
729,7343
729,9995
729,8793
729,7858
729,8111
729,7840
729,7509
729,611
729,927
729,5307
729,2123
729,3436
729,1755
729,6099
735,1511
741,8412
741,1591
741,665
741,5268
744,2113
744,273
744,5756
744,7240
747,4771
747,2200
747,152
747,538
747,9304
75,9292
75,3180
750,692
756,9095
765,5062
765,1020
774,3934
780,1582
780,2594
780,3630
786,8569
786,7343
786,96
792,4366
792,8018
792,8768
792,9353
810,5628
822,2726
822,5860
822,6054
825,5502
825,3864
825,2506
825,952
825,1003
831,2173
831,538
831,4032
831,8412
831,8477
834,6460
84,8195
840,6260
840,9624
843,9918
843,8745
843,9381
843,7295
843,5487
843,1977
843,2397
843,4512
843,3914
843,2479
843,1864
843,5090
843,6437
843,3349
852,9707
855,8946
864,2574
864,273
870,9431
876,7837
879,6460
891,8040
891,3010
894,273
897,6205
897,1510
9,2698
9,2381
90,3436
903,2951
903,5746
909,1819
909,1198
912,6378
912,1965
912,889
912,3331
924,4024
924,5999
93,4789
93,1891
93,3885
933,8285
933,9852
933,8735
933,8955
933,6141
933,6099
936,1712
936,2614
936,3771
936,6002
936,9163
936,9008
936,8686
939,2652
945,7645
945,3010
951,3658
951,1499
951,2121
951,1891
951,2958
951,2404
951,5707
951,558
951,9741
951,9095
951,8771
969,446
969,1061
972,6955
972,1146
978,3914
978,5370
978,8745
987,8412
987,7348
987,9166
987,120
987,2280
987,6605
987,1866
99,3064
99,1176
99,9418
99,9419
99,9177
100,7765
1000,3321
1003,2935
1006,31
1006,1931
1006,9148
1006,8674
1009,2141
1009,3645
1012,7399
1012,7754
1012,8111
1012,9686
1012,195
1012,1675
1012,1790
1012,3863
1012,6472
1012,927
1012,4771
1018,1725
1018,7591
1027,250
103,5413
103,3441
103,4981
103,6302
103,9717
1039,5742
1042,166
1048,1657
1051,2118
1054,927
1054,7399
1054,8111
1057,842
1057,9304
1066,7903
1069,1109
1069,1061
1069,4242
1069,7006
1072,8627
1087,2123
1096,9802
1099,7088
1099,1116
1099,5856
1105,6603
1105,4768
1105,1534
1105,7107
1105,9624
1108,9399
1108,9968
1117,2593
1120,9543
1120,7394
1120,3434
1120,690
1120,3520
1120,2146
1120,1657
1120,6097
1126,4937
1126,1221
1132,1592
1132,9805
1135,115
1135,915
1144,8560
1144,9495
1144,1712
1144,3561
1144,3436
1144,2614
1153,6312
1156,7137
1162,1554
1162,273
1165,120
1165,1623
1165,2353
1165,6530
1165,5857
1165,6487
1165,927
1165,6437
1165,6375
1165,4016
1165,6872
1165,9318
1165,7203
1165,7369
1165,8447
1165,7034
1168,9209
1168,6487
1168,375
1168,2169
1171,5857
1171,309
1171,6141
1171,3180
1171,4131
1171,9292
1171,8664
1171,6744
1174,5577
1192,5823
1192,6141
1192,1496
1192,798
1192,1878
1192,7156
1195,5717
1204,5268
1204,2598
1204,8412
1210,8549
1210,3480
1210,1479
1219,7831
1219,8272
1219,8546
1219,9775
1219,2141
1222,5297
1222,4996
1222,4012
1222,365
1222,9304
1222,9704
1228,6239
1228,4058
1228,2433
1228,4771
1228,5413
1228,9505
1228,7387
1234,1267
1234,6563
1234,375
1234,7134
1240,5268
1240,4972
1240,1511
1243,8571
1243,694
1243,1091
1243,988
1243,1591
1243,5543
1246,9807
1246,3865
1246,4034
1246,5233
1249,3914
1252,5653
1255,9704
1258,9292
1258,8349
1258,6489
1261,1606
1261,4472
1261,1759
1261,1568
1261,1672
1261,8132
1264,2783
1264,2021
1264,1082
1264,8011
1267,7885
1273,8497
1279,8745
1279,3914
1282,4901
1285,942
1285,8082
1291,3301
13,1106
130,9675
130,273
1300,1574
1300,5092
1303,2502
1315,9545
1315,9499
1318,3905
1318,3771
1318,1118
1318,8571
1318,8401
1330,3478
1330,1146
1330,6955
1339,927
1339,9299
1342,6515
1345,9354
1345,2416
1348,7212
1351,1777
1351,8201
1351,8754
1357,4391
1366,6527
1366,5090
1366,1501
1369,6237
1369,6099
1369,7641
1372,6437
1384,3902
1384,1486
1384,183
1384,3797
1384,4756
1384,5098
1384,4830
1384,2466
1384,7140
1384,7858
1384,8111
139,6601
139,6125
139,4141
139,5690
139,8184
1390,6099
1393,774
1393,3837
1399,7109
1399,1574
1399,4391
1408,964
1408,6151
1408,4137
1408,2381
1408,8332
1408,8090
1411,9291
1411,7909
1411,1740
1411,115
1417,6494
142,8521
142,8520
1420,2464
1426,3556
1426,5684
1426,7902
1426,7841
1429,1108
1429,4019
1429,9543
1429,9832
1438,7480
1438,9417
1438,9418
1438,6879
1438,9546
1441,7875
1441,3221
1447,1462
145,3636
1456,8401
1456,3814
1456,6563
1456,3180
1465,4359
1465,3224
1468,8509
1471,9704
1471,7902
1471,1892
1471,1027
148,1088
148,3326
1480,1679
1480,2364
1480,2270
1480,4024
1480,3645
1483,7902
1483,273
1486,6039
1492,847
1495,5298
1495,336
1504,5141
1504,5294
1504,1742
1504,5686
1504,8881
1504,6739
1504,9420
1504,9418
1504,7382
1504,9419
151,6447
1510,1116
1510,4012
1510,4982
1510,8033
1513,4458
1513,1479
1513,6851
1513,6838
1519,6312
1525,3810
1525,320
1525,8003
1528,9615
1528,8745
1528,3914
1534,7125
1534,8915
1537,1129
1537,5090
1537,1914
154,4877
154,1588
154,7826
154,8928
1540,3051
1543,7907
1561,3338
157,7885
157,6099
1573,811
1585,8265
1585,7034
1585,8090
1585,7240
1585,5425
1585,1733
1585,6658
1585,3746
1585,1267
1588,6143
1588,1452
1588,2726
1588,5860
1600,5952
1600,6237
1600,5543
1600,9022
1600,9211
1618,7026
1618,7347
1621,6800
1621,7567
1621,250
1627,5513
163,8048
1630,2783
1630,5268
1630,1511
1636,446
1636,1048
1636,406
1654,7295
166,915
1663,484
1663,798
1663,9360
1669,5062
1678,3630
1678,1574
1687,7182
1690,5095
1690,1895
1693,4704
1705,7754
1705,4921
1705,1082
1705,3865
1708,273
1714,8955
1714,4704
1714,4242
1714,1061
1714,1479
1729,6065
1729,6559
1744,166
175,8534
175,8942
1756,842
1756,9304
178,2169
178,9209
1786,5746
1786,2947
1786,4813
1786,1687
1786,6744
1786,7239
1795,1909
1795,2239
1798,6153
1801,5999
1801,9335
1807,7532
1807,1656
1807,4771
1807,972
1807,4402
181,2108
1819,8827
1822,2520
1822,309
1825,7915
1825,6793
1825,8780
1825,9304
1825,1635
1825,2467
1825,365
1825,4961
1825,1866
1825,6563
1825,3112
1825,1751
1828,6273
1828,1622
1828,2686
1828,2356
1831,8373
184,9163
184,9624
1846,9536
1852,1882
1852,2687
1861,375
1861,6331
1861,6631
1861,6605
1861,5558
1861,2466
1867,4307
1867,6151
1867,1657
1867,1081
1867,5897
1867,2947
1867,5002
1867,6744
1867,7239
1867,8514
1873,2121
1873,1020
1873,6033
1873,5062
1876,166
1876,360
1888,3636
1891,2561
1894,3103
1894,7145
1894,8235
1897,7645
1897,7885
1897,6942
1897,4307
19,4830
19,538
19,1986
19,4982
19,8183
19,9304
19,6942
1903,1574
1918,2935
1918,222
1921,1051
1921,6200
1924,6879
1924,1267
1927,7889
1927,4544
1927,5513
1927,5568
1927,2966
1936,3636
1936,2391
1939,4785
1939,1171
1939,6141
1939,798
1945,1107
1957,9615
1957,8745
1957,8560
1957,2467
1957,1892
1957,3914
1957,2667
1957,5251
1963,1009
1963,6188
1969,7022
1978,6065
1978,6063
1978,4397
1978,6039
1981,1267
1984,1714
1984,5047
1984,927
1984,5922
1984,1640
1984,242
1984,8310
1984,9546
199,5014
199,9533
1993,8003
1993,6808
1993,9381
1993,6598
1993,5014
1993,2740
1996,6260
1996,6014
1996,1712
1999,2112
2005,7022
2017,4503
2020,2381
2020,972
2020,3914
2020,6186
2020,775
2020,8745
2023,1687
2023,1712
2023,1895
2035,7996
2041,5394
2041,6364
2044,5948
2062,1835
2065,7313
2065,2393
2065,4112
2068,2176
2068,6460
2068,2057
2074,2368
208,4391
2083,4656
2083,6073
2083,2935
2083,6477
2095,6284
2098,7915
2098,7240
2098,1366
2098,5198
2098,690
2098,1977
2101,1977
2101,4404
2101,8183
2107,5736
2107,4549
2107,6125
2110,6125
2119,1107
2119,1641
2119,1977
2119,2381
2122,4089
2125,5628
2125,2121
2125,2516
2125,2492
2125,1971
2125,6284
2131,1977
2131,609
2131,1505
2131,8026
2131,7088
2140,8937
2140,4543
2146,9182
2146,230
2152,8793
2152,7088
2152,5311
2152,2021
2152,5295
2152,607
2152,6164
2152,1479
2152,5746
2152,2141
2152,6040
2152,4158
2152,320
2152,4397
2158,5062
2167,9209
2167,6119
2167,2169
217,2048
217,5260
217,3561
217,2209
217,9242
2176,1027
2176,1986
2176,4125
2176,115
2185,5047
2188,9225
2191,1751
2194,253
2194,5884
22,7014
2200,5829
2203,4830
2203,2888
2203,5742
2206,499
2206,6484
2209,6414
2218,6141
2224,9628
2224,4288
2227,115
2230,7145
2233,694
2236,4789
2242,2290
2242,2194
2242,3236
2242,5307
2242,7487
2245,2169
2245,2258
2248,2381
2248,972
2251,1814
2251,6785
2251,8607
2254,8937
2254,2657
2254,6437
2254,856
2254,4658
2254,927
2257,732
2257,6439
2260,5062
2260,3608
2269,1615
2269,6209
2272,297
2275,2698
2275,1107
2275,2381
2278,48
2278,6559
2278,6180
2278,5884
2278,424
2278,888
2278,1109
2278,1806
2278,4402
2278,1921
2278,7145
2278,8132
2281,6942
2281,927
2281,2910
2281,4307
2284,318
2287,6333
2287,1126
2287,5684
2290,250
2290,6800
2290,9816
2293,8685
2293,8003
2293,1106
2296,5628
2296,6950
2311,3204
2311,1679
2311,2864
2314,8412
2314,6731
232,8560
2323,1527
2326,2439
2332,5347
2332,4264
2332,2439
2332,4404
2332,609
2338,7068
2338,1534
2338,3499
2347,8012
2347,4771
2347,5130
235,9680
2356,7754
2356,7612
2356,9304
2356,2141
2356,5787
2356,842
2356,3102
2365,6613
2365,1267
2365,5073
2374,1646
2374,1499
2377,2761
238,3946
238,5268
2383,5771
2386,4980
2395,4264
2395,3010
2398,476
2398,575
2407,1895
2407,5710
2407,6793
2410,2225
2410,5874
2410,694
2413,109
2416,4230
2416,4414
2422,6284
2422,5628
2428,519
2428,2272
2428,9335
2431,6744
2431,9093
2431,6141
2431,4585
2437,3526
244,2123
244,5307
244,8111
244,7389
2449,1
247,2378
2473,4972
2482,9335
2488,1582
2488,379
2488,2439
2488,5520
2488,253
2488,1437
2488,5002
2488,2947
2488,1024
2488,4404
2488,7239
2500,4647
2500,8423
2524,6559
2524,8307
2533,7315
2536,4641
2539,4397
2539,9533
2542,3906
2551,6211
2557,6876
2557,6629
2557,2978
256,2314
256,5236
256,6153
2560,5713
2560,1507
2560,2260
2560,686
2560,744
2560,1801
2560,5005
2560,9573
2560,7871
2560,9091
2560,8250
2563,446
2575,7878
2575,8462
2575,9365
2575,7285
2575,6487
2578,3161
2578,8079
2584,2173
2590,6312
2590,6493
2590,8937
2599,691
2599,3401
2605,6631
2605,8412
2605,9441
2608,2726
2611,6324
2614,7285
2617,9326
2617,2176
2617,5684
2617,1126
2617,6460
262,335
262,1084
262,3053
2623,3656
2623,1452
2623,9595
2626,9477
2626,9843
2632,9441
2632,7186
2632,504
2641,8560
2641,9022
2641,3877
2641,2113
2653,9304
2656,4972
2668,7852
2671,1321
2671,8239
2671,7203
2674,7562
2674,6056
2674,3188
2683,7151
2695,9825
2698,6119
2701,273
2704,8412
2704,1116
2704,3946
2707,4448
271,3903
2710,8664
2713,5263
2728,9533
2731,2035
2731,2397
2731,3184
2731,1895
2731,2169
2731,5002
2731,9211
2734,8884
2737,1930
274,2700
2743,3293
2743,181
2743,6180
2743,2652
2749,4771
2755,8730
2758,6559
2758,7353
2764,5187
2770,5205
2773,8282
2782,9093
2797,7203
2797,8793
28,2881
280,6141
2803,811
2806,9807
2806,9418
2806,9420
2806,9419
2806,9546
2806,8040
2806,9547
2806,7524
2806,4264
2806,3505
2806,3010
2806,5540
2806,3865
2806,4034
2806,301
2806,5443
2806,3542
2809,7943
2824,9675
2824,2726
2827,2947
2827,4771
2827,1336
2827,9824
2830,1298
2830,299
2839,2233
2839,477
2839,492
2839,3999
2839,6058
2839,1106
2839,5511
2839,8436
2839,8306
2839,9545
2839,9543
2839,8310
2839,9499
2839,8548
2839,8241
2839,9832
2842,8934
2842,6312
2845,9851
2848,6123
2851,8417
2854,7645
2857,3509
2857,3683
2857,1527
2857,6255
2857,499
2857,7719
286,8500
2863,5941
2863,8781
2872,8219
2872,337
2884,3408
2884,215
2884,6149
2884,1336
2884,2038
2884,2867
2884,6129
2884,4019
2884,5583
2884,1591
2884,273
2884,2947
2884,2428
2884,3103
2884,7517
2884,9824
2884,9870
2884,7352
2884,7666
2884,9477
2884,7950
2884,8365
2884,7487
2884,9543
2887,8786
2890,8090
2890,8265
2890,3073
2890,3877
2893,5710
2893,9824
2899,3771
2902,6487
2902,6141
2902,3993
2902,9150
2908,4961
2911,1321
2926,8569
2929,6659
2929,2925
2932,9205
2935,8630
2938,8270
2938,8265
2938,6527
295,5165
295,804
295,5829
295,2515
295,1751
295,8306
295,6900
2950,9807
2953,8569
2953,9209
2962,8780
2965,6027
2983,6765
2983,3098
2989,3814
2989,4921
2989,3180
2989,5307
2989,7795
2989,7487
2989,8111
2992,9543
2992,4349
2995,927
2995,8549
3001,8431
3004,8503
3004,9412
3004,6099
3007,5756
3007,3073
3007,8503
3007,8111
301,5014
301,320
3010,8006
3019,5515
3019,2305
3022,7586
3028,3914
3028,8745
3031,5233
3043,3678
3049,8467
3049,8356
3055,1930
3058,4665
3061,6136
3061,9823
3064,2486
3064,3659
3070,4843
3070,1953
3070,5684
3070,3827
3070,5540
3070,945
3070,5301
3070,1295
3070,8040
3070,8209
3070,6685
3070,7309
3070,9419
3070,8750
3070,8505
3070,6845
3073,7358
3073,8412
3073,7858
3073,127
3073,5268
3073,5305
3073,1591
3082,1932
3082,8827
3082,8236
3088,3891
3088,9463
3091,512
3097,8165
310,1943
3100,6216
3100,575
3100,8310
3103,9441
3103,8040
3103,2353
3103,5443
3106,9417
3106,9547
3112,1895
3112,3208
3112,4016
3112,309
3112,811
3112,2314
3112,3188
3112,6255
3112,8750
3112,9641
3112,8701
3112,9391
3112,9474
3118,3946
3118,7645
3118,7885
3121,8527
3121,9917
3121,6436
3121,2381
3124,8785
3124,8090
3124,372
3124,2511
3127,6333
3127,3137
3127,8502
313,3645
3133,7972
3154,7077
3154,3518
3154,3513
316,3657
316,5422
316,338
3169,7034
3169,6487
3175,1512
3190,9391
3190,3190
3190,6255
3190,386
3190,2374
3190,266
3193,5507
3193,3
3193,8902
3193,8955
3196,9412
3196,8503
3196,4991
3196,6099
3196,3436
3196,1899
3196,3771
3199,8503
3199,7487
3202,273
3202,4616
3202,9995
3205,8111
3205,7487
3205,5307
3205,1486
3205,4771
3205,927
3208,9209
3208,7885
3211,1146
322,1742
322,336
322,7134
322,7491
322,6930
322,9685
322,7382
322,9418
3235,9096
3241,6200
3250,9091
3256,2176
3256,3928
3256,7197
3256,9615
3262,8560
3265,3914
3265,3877
3265,892
3265,5234
3265,5940
3265,6298
3265,8745
3268,7487
3268,1078
3271,9543
3280,538
3280,2173
3280,5998
3280,9304
3289,1816
3289,1843
3289,9504
3289,8503
3289,7487
3289,8745
3295,8183
3295,9546
3295,9547
3295,9418
3295,9420
3295,301
3301,8946
3301,6186
3304,7899
3307,1692
3307,6097
331,3799
331,6826
3310,8628
3313,6527
3316,1364
3319,5690
3319,1679
3319,9304
3328,3364
3331,2141
3334,8391
3334,4592
334,3382
334,6097
334,8789
3340,9477
3340,7315
3340,6191
3340,6188
3340,2970
3340,1983
3340,273
3343,7627
3355,2146
3355,2598
3355,1657
3355,6097
3355,9209
3355,6942
3367,1498
3367,301
3367,4437
3367,3643
3367,1479
3367,6472
3367,6416
3367,3010
3367,9659
3367,8040
3367,9780
337,3645
337,1822
3370,8687
3373,9893
3376,7995
3376,6119
3376,1348
3385,6287
3385,7913
3388,9504
3388,274
3391,762
3391,8745
34,6153
340,115
340,6387
340,4884
340,3491
340,5787
340,1146
340,3561
340,9461
340,7035
3400,528
3406,9546
3406,9419
3406,9275
3409,9493
3418,5203
3418,7197
3424,3208
3427,8435
343,5795
343,1360
3430,93
3430,0
3430,9337
3430,8073
3433,6016
3433,6269
3433,3596
3433,7756
3436,9568
3436,7240
3436,2290
3442,7627
3442,1061
3445,3956
3448,1521
3448,6613
3451,5002
3451,1895
3451,5998
3451,7487
3457,7930
3457,9938
3457,8604
3457,3608
346,6589
346,5244
346,798
346,8319
3460,7348
3460,9675
3460,7145
3460,273
3460,3271
3460,3498
3463,9412
3466,4771
3466,8090
3469,8642
3469,8685
3481,7258
3481,9401
3481,9264
3481,7724
3481,889
3481,5814
3481,5487
3481,5402
3484,3934
3484,8195
3487,9704
3487,9209
3487,3865
3487,1048
3487,3371
3487,2169
349,8820
349,1554
3490,9079
3496,4458
3499,4314
3502,6065
3502,2768
3511,8487
3511,8980
3511,8874
3514,9675
3517,5879
3517,7902
3517,7874
3517,7878
3517,6697
352,9335
3523,3634
3526,6227
3529,387
3529,2282
3535,2573
3535,9986
3541,7627
361,1857
361,3304
361,1623
361,9567
364,1712
364,1364
367,798
367,5244
37,780
37,2935
370,9309
370,5653
373,6260
382,320
385,3223
385,1977
385,8946
388,6697
388,4901
403,1657
406,1217
406,6237
406,6216
406,2381
418,84
418,5738
418,7878
442,225
442,5577
442,3886
442,8946
442,9381
442,9834
469,3863
469,323
475,2381
475,775
475,2698
475,2464
478,519
484,5198
484,7745
487,4012
487,3803
49,9981
49,9968
49,8575
49,923
49,6551
49,5942
496,1640
502,814
505,2381
505,9439
526,320
526,5014
529,5653
529,9552
529,7228
535,8745
535,9088
535,373
535,5829
535,3914
535,5234
544,4921
544,9022
547,9893
547,9053
556,5543
556,5935
556,9354
58,8308
58,6063
58,5829
58,6065
580,181
580,3003
580,852
592,7182
592,1866
592,1687
595,6284
595,7110
598,9893
598,2760
604,3737
61,7134
610,7145
610,3658
613,9654
613,8663
616,5736
616,927
616,1725
616,8111
625,48
628,2434
631,9271
631,7218
631,8780
631,3208
631,3188
631,1081
631,6658
631,538
631,2173
631,5486
631,5236
64,3563
643,6216
646,8186
646,4317
646,1020
649,1971
649,2516
658,4875
658,2381
658,442
658,972
661,9381
661,927
661,3073
661,2756
661,3301
661,6099
661,3017
664,8183
667,2836
667,1003
667,6099
670,3053
670,6211
682,7972
694,8493
694,9353
694,6292
694,5829
694,3190
697,519
7,491
7,5746
7,7804
700,576
700,6099
700,2389
700,5260
700,2175
700,5829
700,693
700,1469
700,1921
700,4873
700,9495
700,8481
700,8346
700,7830
700,9780
703,5822
709,8412
709,8365
709,8111
709,803
709,1486
709,3946
712,1182
712,3721
721,1942
721,3863
724,6128
739,1108
739,9543
742,9079
742,9282
76,2345
76,978
76,5413
76,4981
76,3441
76,8528
76,9717
772,8401
772,7754
772,5952
775,250
775,4250
778,5744
778,3734
781,9439
781,8000
79,5681
793,2935
799,3914
799,3771
799,8745
802,453
808,7645
808,7885
808,1527
811,7182
814,152
814,6125
814,811
814,5311
817,7240
817,9641
817,1267
817,3188
826,2783
841,2074
841,2710
841,4247
844,8003
85,1751
85,1082
85,1977
850,36
850,2305
865,6808
883,718
889,8111
895,2516
895,1971
898,8371
904,6861
904,6874
904,7445
904,3519
904,4560
904,5422
904,3657
904,5710
904,5648
91,4981
91,5110
91,2112
91,1805
91,3967
91,2081
91,6352
91,284
91,7172
91,7425
91,9520
91,7416
91,8405
91,7484
913,273
916,5057
922,2486
922,519
925,7620
934,3488
940,7754
940,9022
940,677
940,1505
940,1116
940,3047
943,6820
943,8684
958,2466
958,1501
958,4972
958,1679
961,2381
970,1366
970,7240
970,7754
991,3371
991,2467
994,4024
2132,9876
2883,5703
2967,6021
3395,7411
1229,5520
1107,7002
1133,6112
1299,4568
1214,273
1452,9949
130,6064
1469,4271
1264,4349
1205,8311
1412,4209
1048,4370
1382,5962
1469,4504
1112,1742
1406,6720
1500,8118
1236,6021
1483,4615
1283,9106
2657,8443
1185,2643
2568,8273
2593,8307
2776,8256
1114,5618
1853,3149
1516,9148
2208,5745
1847,3947
2604,7791
1993,8545
2601,5770
3163,6165
2645,6515
2662,8481
2619,6044
3151,8080
3218,5509
2752,8090
1913,4703
1883,5977
3092,230
3112,5089
3378,7694
3280,3295
2669,4965
2097,628
3367,4515
2277,5196
1833,2788
3441,4420
1146,4618
3027,8425
2315,5879
2235,3269
3317,2561
2995,8270
3202,6104
3302,2020
2904,9166
220,4040
2227,3925
2929,2925
2917,9571
1388,3570
2862,5966
2251,1525
2659,8373
3055,6667
90,5706
1281,6047
1434,2185
1027,8433
2735,7834
2242,3236
3491,2364
3455,7892
1388,2208
2774,9914
3435,3152
3485,6497
3008,7140
3385,6287
2889,7918
1967,1581
3347,8483
1031,8197
2006,8447
2816,2419
2979,5991
3362,6641
3407,6232
3405,3165
2534,2459
3420,5215
3524,8467
2085,9178
1803,6722
2356,7612
1057,5514
2831,2500
1109,1388
102,5514
1126,5514
2385,3522
2174,7614
2469,8691
2579,8073
2159,8524
105,9977
1080,6167
114,8589
1022,6167
1116,6167
3360,7274
1101,6009
1756,6918
2479,6009
137,6009
2682,8511
1572,7512
2345,6770
2573,8025
2129,4919
2004,7582
2595,635
1514,41
3433,475
1292,8357
1847,6028
2533,7315
3334,9477
2592,6808
1206,9339
2573,8188
2676,6155
2849,2573
2516,5205
1528,6602
3360,1279
1775,3060
2374,9790
2582,3608
2264,8193
2224,4288
1504,9420
2590,4415
1923,8350
2763,8667
2224,5623
2754,4604
2283,7694
1861,9607
1504,9419
2552,9940
3363,1388
1876,3174
2769,5062
3373,8514
106,2905
3401,9615
2770,6954
2209,6414
2817,2915
1069,9911
10,6910
1241,7909
1053,4948
2891,8103
1069,2943
3322,7317
106,1543
3050,5843
1069,4094
260,9977
1036,8623
2191,7643
106,6257
1714,4704
1048,1941
1884,1400
2332,1795
1048,739
1020,5664
3327,2726
1048,8599
1048,6893
1333,3412
1179,412
1702,8705
1284,3384
1384,9353
3454,6768
2699,9123
1048,8754
1157,6037
1010,5112
3072,4338
1014,6054
1224,7973
1272,8146
127,2576
123,5429
1191,7254
1224,8109
1105,8817
1277,8228
127,1628
1047,9782
1149,8453
3159,4515
1224,40
102,9423
1184,91
102,475
113,8817
129,2557
1091,8817
124,2050
1081,9310
3453,9645
3283,7887
2391,5601
1703,1935
3440,6599
1010,6000
3533,8632
1044,7555
1709,266
1022,4970
1044,6381
1050,8251
2167,2958
3116,5894
1067,5410
1060,7554
1202,7483
1013,8541
1009,6756
3144,5230
2034,6487
2175,9106
2739,6683
2478,8486
2801,3295
2194,3449
2801,3294
2670,833
1908,8537
3039,8371
1863,8370
2100,1784
1823,7827
1634,4630
2246,8826
2755,6266
1891,9243
3134,6036
2639,6360
1036,1277
1206,8454
3000,7821
1064,5
3418,5203
1864,5083
1234,6233
2984,8499
1396,4774
109,1016
3524,5610
1376,8441
3288,6616
3233,6911
1856,8436
3310,8628
1235,9975
2668,7852
1412,1277
3502,2768
1941,8112
1161,7412
3026,5996
2918,8812
1913,7666
1377,4362
1983,6829
1853,4377
1370,3950
1214,3462
1490,106
1274,8329
1380,7490
2170,7146
2994,8762
1399,3969
1490,3007
1785,7448
1976,9067
1911,7258
2696,6092
3260,7002
1331,8665
1192,6141
1172,5087
3195,5365
3122,6240
163,8327
1228,4225
1235,9794
1322,6661
1469,4225
1665,8327
2735,3593
1612,8327
1524,4225
3427,8435
2874,2388
2759,3177
2938,6453
2176,4059
2421,4833
2003,3393
3073,1931
1367,7619
2822,74
1995,8967
914,5077
3360,1322
0,3226
2953,5306
1850,9227
2811,6016
2729,1503
3482,5691
0,4745
3174,1803
3003,5738
1855,6180
1808,9515
2568,1569
2709,4804
1274,3294
3137,4521
3011,6693
2624,8750
3505,2685
3385,7913
636,2391
2756,5935
2534,8783
252,6119
2998,8390
3255,3308
2977,6773
3116,8115
201,4921
3498,8264
1823,5321
3475,8550
3122,6693
3246,6040
2253,4161
3095,9065
2751,8050
1894,8235
2691,8657
2947,8558
2052,6118
3262,6167
3280,9106
2388,6148
677,812
2730,8613
2724,8658
2333,9785
3416,5347
3131,8571
2823,8366
3475,6941
1037,6197
3066,8611
1043,8617
2624,8848
1032,1734
1048,3547
2473,2274
911,5582
1021,8272
3369,5751
2589,7893
1048,2832
3256,6859
1048,1476
2898,8524
290,5861
1009,2504
3001,4317
10,8062
1048,1697
642,438
1142,4017
1821,182
3303,532
2002,3529
263,8357
1311,3545
1228,8881
1490,8858
146,9393
1365,1503
2855,3692
3213,9740
1110,8924
2877,533
2650,3078
3219,8177
69,943
1483,1056
2842,4884
